{
    "loss": 1.8511769771575928,
    "accuracy": 0.8273381590843201
}