{
    "loss": 16.5660343170166,
    "accuracy": 0.5467625856399536
}